10901, 'Mahika', 'Char', 'mahika.char@gmail.com', '32250170a0dca92d53ec9624f336ca24',,2, '2022-04-07 00:57:45')
10901, 'Theodore', 'Patil', 'theodore.patil@gmail.com', '32250170a0dca92d53ec9624f336ca24',,3, '2020-05-11 23:21:40')
10901, 'Vasatika', 'Om', 'vasatika.om@gmail.com', '32250170a0dca92d53ec9624f336ca24',,4, '2018-10-31 14:59:45')
10901, 'Omaja', 'Varughese', 'omaja.varughese@yahoo.com', '32250170a0dca92d53ec9624f336ca24',,5, '2018-09-09 11:11:50')
10901, 'Sanya', 'Prakash', 'sanya.prakash@hotmail.com', '32250170a0dca92d53ec9624f336ca24',,6, '2022-07-02 11:10:21')
10901, 'Zarna', 'Mahajan', 'zarna.mahajan@gmail.com', '32250170a0dca92d53ec9624f336ca24',,7, '2019-07-03 13:19:15')
10901, 'Banjeet', 'Chaudhary', 'banjeet.chaudhary@gmail.com', '32250170a0dca92d53ec9624f336ca24',,8, '2018-05-05 17:35:11')
10901, 'Patrick', 'Narain', 'patrick.narain@hotmail.com', '32250170a0dca92d53ec9624f336ca24',,9, '2021-02-22 22:38:07')
10901, 'Osha', 'Dugal', 'osha.dugal@hotmail.com', '32250170a0dca92d53ec9624f336ca24',,10, '2021-01-31 17:34:06')
10901, 'Chaitanya', 'Buch', 'chaitanya.buch@gmail.com', '32250170a0dca92d53ec9624f336ca24',,11, '2022-04-19 22:57:54')
10901, 'Amruta', 'Basu', 'amruta.basu@gmail.com', '32250170a0dca92d53ec9624f336ca24',,12, '2022-03-07 13:44:10')
10901, 'Advay', 'Garde', 'advay.garde@yahoo.com', '32250170a0dca92d53ec9624f336ca24',,13, '2018-03-09 19:31:11')
10901, 'Pushti', 'Pal', 'pushti.pal@yahoo.com', '32250170a0dca92d53ec9624f336ca24',,14, '2019-05-30 00:36:47')
10901, 'Chasmum', 'Baria', 'chasmum.baria@gmail.com', '32250170a0dca92d53ec9624f336ca24',,15, '2018-04-12 09:08:44')
10901, 'Christopher', 'Chaudhry', 'christopher.chaudhry@yahoo.com', '32250170a0dca92d53ec9624f336ca24',,16, '2019-03-12 22:35:02')
10901, 'Jeremiah', 'Dhawan', 'jeremiah.dhawan@hotmail.com', '32250170a0dca92d53ec9624f336ca24',,17, '2021-11-06 00:09:40')
10901, 'Reyansh', 'Bala', 'reyansh.bala@yahoo.com', '32250170a0dca92d53ec9624f336ca24',,18, '2021-10-22 16:11:09')
10901, 'Rushil', 'Panchal', 'rushil.panchal@gmail.com', '32250170a0dca92d53ec9624f336ca24',,19, '2022-02-08 04:20:56')
10901, 'Aashi', 'Ben', 'aashi.ben@hotmail.com', '32250170a0dca92d53ec9624f336ca24',,20, '2019-08-21 10:27:57')
10901, 'Jason', 'Sundaram', 'jason.sundaram@hotmail.com', '32250170a0dca92d53ec9624f336ca24',,21, '2020-10-26 05:35:22')
10901, 'Henry', 'Karpe', 'henry.karpe@gmail.com', '32250170a0dca92d53ec9624f336ca24',,22, '2020-02-27 00:36:13')
10901, 'Adya', 'Rajan', 'adya.rajan@hotmail.com', '32250170a0dca92d53ec9624f336ca24',,23, '2020-09-13 09:52:01')
10901, 'Vihaan', 'Lata', 'vihaan.lata@hotmail.com', '32250170a0dca92d53ec9624f336ca24',,24, '2020-08-10 13:35:34')
10901, 'Riya', 'Sengupta', 'riya.sengupta@yahoo.com', '32250170a0dca92d53ec9624f336ca24',,25, '2021-05-13 17:01:28')
10901, 'Jackson', 'Kala', 'jackson.kala@hotmail.com', '32250170a0dca92d53ec9624f336ca24',,26, '2020-10-27 23:26:06')
10901, 'Ekiya', 'Chawla', 'ekiya.chawla@hotmail.com', '32250170a0dca92d53ec9624f336ca24',,27, '2018-08-17 22:47:51')
10901, 'Wriddhish', 'Arora', 'wriddhish.arora@yahoo.com', '32250170a0dca92d53ec9624f336ca24',,28, '2022-12-10 14:20:04')
10901, 'Charita', 'Yogi', 'charita.yogi@yahoo.com', '32250170a0dca92d53ec9624f336ca24',,29, '2020-12-15 10:36:04')
10901, 'Bhavika', 'Hayer', 'bhavika.hayer@gmail.com', '32250170a0dca92d53ec9624f336ca24',,30, '2021-10-29 02:14:16')
10901, 'Amaira', 'De', 'amaira.de@gmail.com', '32250170a0dca92d53ec9624f336ca24',,31, '2018-09-11 11:17:22')
10901, 'Azaan', 'Mistry', 'azaan.mistry@hotmail.com', '32250170a0dca92d53ec9624f336ca24',,32, '2019-06-15 18:31:22')
10901, 'Forum', 'Mitter', 'forum.mitter@gmail.com', '32250170a0dca92d53ec9624f336ca24',,33, '2021-07-19 09:11:37')
10901, 'Ekaja', 'Nazareth', 'ekaja.nazareth@hotmail.com', '32250170a0dca92d53ec9624f336ca24',,34, '2021-03-05 02:43:16')
10901, 'Owen', 'Sastry', 'owen.sastry@yahoo.com', '32250170a0dca92d53ec9624f336ca24',,35, '2022-10-25 09:21:51')
10901, 'Agastya', 'Oza', 'agastya.oza@yahoo.com', '32250170a0dca92d53ec9624f336ca24',,36, '2021-08-30 04:23:18')
10901, 'Gabriel', 'Naidu', 'gabriel.naidu@hotmail.com', '32250170a0dca92d53ec9624f336ca24',,37, '2018-08-15 22:17:57')
10901, 'Vedika', 'Bumb', 'vedika.bumb@yahoo.com', '32250170a0dca92d53ec9624f336ca24',,38, '2020-07-03 05:59:50')
10901, 'Devansh', 'Vasa', 'devansh.vasa@hotmail.com', '32250170a0dca92d53ec9624f336ca24',,39, '2022-02-08 01:34:45')
10901, 'Chandresh', 'Kapoor', 'chandresh.kapoor@hotmail.com', '32250170a0dca92d53ec9624f336ca24',,40, '2020-08-25 06:51:19')
10901, 'Ranbir', 'Goyal', 'ranbir.goyal@hotmail.com', '32250170a0dca92d53ec9624f336ca24',,41, '2019-09-10 05:59:05')
10901, 'Rehaan', 'Behl', 'rehaan.behl@gmail.com', '32250170a0dca92d53ec9624f336ca24',,42, '2019-10-10 12:19:11')
10901, 'Udarsh', 'Sarraf', 'udarsh.sarraf@yahoo.com', '32250170a0dca92d53ec9624f336ca24',,43, '2018-01-07 18:41:15')
10901, 'Jasmit', 'Sahota', 'jasmit.sahota@yahoo.com', '32250170a0dca92d53ec9624f336ca24',,44, '2019-03-05 10:36:03')
10901, 'Ekantika', 'Goyal', 'ekantika.goyal@yahoo.com', '32250170a0dca92d53ec9624f336ca24',,45, '2022-02-28 13:07:12')
10901, 'Daniel', 'Sahota', 'daniel.sahota@yahoo.com', '32250170a0dca92d53ec9624f336ca24',,46, '2020-01-24 22:32:21')
10901, 'Neha', 'Srinivas', 'neha.srinivas@gmail.com', '32250170a0dca92d53ec9624f336ca24',,47, '2019-12-19 05:14:57')
10901, 'Reva', 'Saha', 'reva.saha@gmail.com', '32250170a0dca92d53ec9624f336ca24',,48, '2019-01-23 14:06:27')
10901, 'Upadhriti', 'Sachdeva', 'upadhriti.sachdeva@hotmail.com', '32250170a0dca92d53ec9624f336ca24',,49, '2022-04-10 04:05:29')
10901, 'Samarth', 'Kohli', 'samarth.kohli@gmail.com', '32250170a0dca92d53ec9624f336ca24',,50, '2021-05-09 09:49:21')
10901, 'Nachiket', 'Kade', 'nachiket.kade@hotmail.com', '32250170a0dca92d53ec9624f336ca24',,51, '2020-04-01 00:45:14')
10901, 'Bhavna', 'Dugar', 'bhavna.dugar@hotmail.com', '32250170a0dca92d53ec9624f336ca24',,52, '2018-11-26 22:46:03')
10901, 'Chakrika', 'Solanki', 'chakrika.solanki@gmail.com', '32250170a0dca92d53ec9624f336ca24',,53, '2020-03-30 03:55:58')
10901, 'Oscar', 'Brar', 'oscar.brar@gmail.com', '32250170a0dca92d53ec9624f336ca24',,54, '2019-02-25 21:35:01')
10901, 'Amruta', 'Seth', 'amruta.seth@yahoo.com', '32250170a0dca92d53ec9624f336ca24',,55, '2019-08-10 22:58:24')
10901, 'Yamini', 'Maharaj', 'yamini.maharaj@gmail.com', '32250170a0dca92d53ec9624f336ca24',,56, '2020-05-15 07:20:52')
10901, 'Veer', 'Yohannan', 'veer.yohannan@gmail.com', '32250170a0dca92d53ec9624f336ca24',,57, '2019-03-08 21:14:18')
10901, 'Charles', 'Wadhwa', 'charles.wadhwa@gmail.com', '32250170a0dca92d53ec9624f336ca24',,58, '2021-11-24 03:51:58')
10901, 'Urvashi', 'Choudhry', 'urvashi.choudhry@hotmail.com', '32250170a0dca92d53ec9624f336ca24',,59, '2018-05-26 09:16:01')
10901, 'Zaitra', 'Ben', 'zaitra.ben@gmail.com', '32250170a0dca92d53ec9624f336ca24',,60, '2021-07-27 05:19:44')
10901, 'Balvan', 'Ranganathan', 'balvan.ranganathan@hotmail.com', '32250170a0dca92d53ec9624f336ca24',,61, '2021-12-11 14:23:57')
10901, 'Aishani', 'Sood', 'aishani.sood@gmail.com', '32250170a0dca92d53ec9624f336ca24',,62, '2018-09-27 05:24:49')
10901, 'Neha', 'Chatterjee', 'neha.chatterjee@yahoo.com', '32250170a0dca92d53ec9624f336ca24',,63, '2019-09-28 10:15:10')
10901, 'Yashodhara', 'Dutt', 'yashodhara.dutt@hotmail.com', '32250170a0dca92d53ec9624f336ca24',,64, '2018-09-29 14:46:29')
10901, 'Vanya', 'Varty', 'vanya.varty@hotmail.com', '32250170a0dca92d53ec9624f336ca24',,65, '2018-12-09 04:53:47')
10901, 'Devika', 'Tak', 'devika.tak@gmail.com', '32250170a0dca92d53ec9624f336ca24',,66, '2021-08-31 13:17:51')
10901, 'Lipika', 'Pandya', 'lipika.pandya@hotmail.com', '32250170a0dca92d53ec9624f336ca24',,67, '2019-09-04 21:08:51')
10901, 'Ati', 'Kalita', 'ati.kalita@gmail.com', '32250170a0dca92d53ec9624f336ca24',,68, '2018-03-21 21:00:37')
10901, 'Warhi', 'Shankar', 'warhi.shankar@hotmail.com', '32250170a0dca92d53ec9624f336ca24',,69, '2020-12-20 11:07:10')
10901, 'Triya', 'Sabharwal', 'triya.sabharwal@gmail.com', '32250170a0dca92d53ec9624f336ca24',,70, '2022-09-18 03:34:21')
10901, 'Shaurya', 'Bhandari', 'shaurya.bhandari@hotmail.com', '32250170a0dca92d53ec9624f336ca24',,71, '2018-03-19 00:49:37')
10901, 'Daniel', 'Sethi', 'daniel.sethi@hotmail.com', '32250170a0dca92d53ec9624f336ca24',,72, '2022-12-22 14:56:06')
10901, 'Bhanumati', 'Kamdar', 'bhanumati.kamdar@hotmail.com', '32250170a0dca92d53ec9624f336ca24',,73, '2022-07-28 06:21:11')
10901, 'Triya', 'Gole', 'triya.gole@gmail.com', '32250170a0dca92d53ec9624f336ca24',,74, '2020-03-07 17:29:36')
10901, 'Abhimanyu', 'Sani', 'abhimanyu.sani@gmail.com', '32250170a0dca92d53ec9624f336ca24',,75, '2022-04-18 14:00:05')
10901, 'Nidhi', 'Mall', 'nidhi.mall@gmail.com', '32250170a0dca92d53ec9624f336ca24',,76, '2020-05-19 02:53:28')
10901, 'Rudra', 'De', 'rudra.de@hotmail.com', '32250170a0dca92d53ec9624f336ca24',,77, '2018-10-10 00:28:35')
10901, 'Balendra', 'Dua', 'balendra.dua@gmail.com', '32250170a0dca92d53ec9624f336ca24',,78, '2018-10-16 09:01:47')
10901, 'Pavani', 'Oommen', 'pavani.oommen@hotmail.com', '32250170a0dca92d53ec9624f336ca24',,79, '2019-04-11 16:42:45')
10901, 'Nandini', 'Apte', 'nandini.apte@hotmail.com', '32250170a0dca92d53ec9624f336ca24',,80, '2019-01-24 14:39:02')
10901, 'Manya', 'Savant', 'manya.savant@yahoo.com', '32250170a0dca92d53ec9624f336ca24',,81, '2018-08-23 00:09:03')
10901, 'Eesha', 'Ramakrishnan', 'eesha.ramakrishnan@gmail.com', '32250170a0dca92d53ec9624f336ca24',,82, '2020-06-17 09:13:35')
10901, 'Siya', 'Murty', 'siya.murty@hotmail.com', '32250170a0dca92d53ec9624f336ca24',,83, '2020-02-09 03:26:15')
10901, 'Ati', 'Peri', 'ati.peri@gmail.com', '32250170a0dca92d53ec9624f336ca24',,84, '2020-01-04 11:48:51')
10901, 'Reyansh', 'Chaudry', 'reyansh.chaudry@yahoo.com', '32250170a0dca92d53ec9624f336ca24',,85, '2019-02-18 17:19:04')
10901, 'Pavani', 'Gala', 'pavani.gala@gmail.com', '32250170a0dca92d53ec9624f336ca24',,86, '2019-12-11 14:52:12')
10901, 'Bhavini', 'Khalsa', 'bhavini.khalsa@hotmail.com', '32250170a0dca92d53ec9624f336ca24',,87, '2019-07-18 03:13:22')
10901, 'Chatresh', 'Jhaveri', 'chatresh.jhaveri@hotmail.com', '32250170a0dca92d53ec9624f336ca24',,88, '2020-11-11 16:13:16')
10901, 'Owen', 'Iyengar', 'owen.iyengar@hotmail.com', '32250170a0dca92d53ec9624f336ca24',,89, '2019-01-22 04:22:14')
10901, 'Om', 'Prabhu', 'om.prabhu@yahoo.com', '32250170a0dca92d53ec9624f336ca24',,90, '2018-11-27 10:25:18')
10901, 'Ucchal', 'Khosla', 'ucchal.khosla@gmail.com', '32250170a0dca92d53ec9624f336ca24',,91, '2022-06-19 11:41:30')
10901, 'Chatresh', 'Saha', 'chatresh.saha@gmail.com', '32250170a0dca92d53ec9624f336ca24',,92, '2018-05-31 09:53:47')
10901, 'Forum', 'Hari', 'forum.hari@gmail.com', '32250170a0dca92d53ec9624f336ca24',,93, '2018-05-05 03:01:22')
10901, 'Abhiram', 'Bir', 'abhiram.bir@yahoo.com', '32250170a0dca92d53ec9624f336ca24',,94, '2019-11-11 23:36:54')
10901, 'Banjeet', 'Natarajan', 'banjeet.natarajan@hotmail.com', '32250170a0dca92d53ec9624f336ca24',,95, '2021-11-18 12:53:51')
10901, 'Sanya', 'Suresh', 'sanya.suresh@yahoo.com', '32250170a0dca92d53ec9624f336ca24',,96, '2020-04-04 19:02:32')
10901, 'Nandini', 'Lall', 'nandini.lall@hotmail.com', '32250170a0dca92d53ec9624f336ca24',,97, '2018-03-14 12:42:49')
10901, 'Anvi', 'Sem', 'anvi.sem@hotmail.com', '32250170a0dca92d53ec9624f336ca24',,98, '2021-07-11 19:15:20')
10901, 'Nachiket', 'Madan', 'nachiket.madan@hotmail.com', '32250170a0dca92d53ec9624f336ca24',,99, '2019-07-16 19:39:56')
10901, 'Maya', 'Parekh', 'maya.parekh@yahoo.com', '32250170a0dca92d53ec9624f336ca24',,100, '2019-06-18 10:12:25')
10901, 'Forum', 'Gandhi', 'forum.gandhi@hotmail.com', '32250170a0dca92d53ec9624f336ca24',,101, '2020-01-05 00:40:50')
10901, 'Vivaan', 'Kibe', 'vivaan.kibe@yahoo.com', '32250170a0dca92d53ec9624f336ca24',,102, '2022-11-30 19:09:34')
10901, 'Shravya', 'Ahluwalia', 'shravya.ahluwalia@hotmail.com', '32250170a0dca92d53ec9624f336ca24',,103, '2022-04-29 00:29:21')
10901, 'Zansi', 'Pradhan', 'zansi.pradhan@hotmail.com', '32250170a0dca92d53ec9624f336ca24',,104, '2019-10-24 10:35:29')
10901, 'Mekhala', 'Viswanathan', 'mekhala.viswanathan@yahoo.com', '32250170a0dca92d53ec9624f336ca24',,105, '2018-04-17 10:29:11')
10901, 'Saumya', 'Kari', 'saumya.kari@yahoo.com', '32250170a0dca92d53ec9624f336ca24',,106, '2022-12-22 20:49:02')
10901, 'Nirja', 'Hans', 'nirja.hans@yahoo.com', '32250170a0dca92d53ec9624f336ca24',,107, '2022-01-02 05:39:40')
10901, 'William', 'More', 'william.more@hotmail.com', '32250170a0dca92d53ec9624f336ca24',,108, '2022-11-13 15:00:57')
10901, 'Utkarsh', 'Doctor', 'utkarsh.doctor@hotmail.com', '32250170a0dca92d53ec9624f336ca24',,109, '2022-08-20 17:58:23')
10901, 'Anjali', 'Saraf', 'anjali.saraf@gmail.com', '32250170a0dca92d53ec9624f336ca24',,110, '2022-11-26 14:24:19')
10901, 'Udarsh', 'Yadav', 'udarsh.yadav@yahoo.com', '32250170a0dca92d53ec9624f336ca24',,111, '2020-10-07 15:58:01')
10901, 'Amruta', 'Bhalla', 'amruta.bhalla@yahoo.com', '32250170a0dca92d53ec9624f336ca24',,112, '2022-08-03 09:40:09')
10901, 'Henry', 'Saha', 'henry.saha@yahoo.com', '32250170a0dca92d53ec9624f336ca24',,113, '2022-04-09 16:10:55')
10901, 'Timothy', 'Tella', 'timothy.tella@yahoo.com', '32250170a0dca92d53ec9624f336ca24',,114, '2019-07-08 07:09:51')
10901, 'Abhiram', 'Ghose', 'abhiram.ghose@hotmail.com', '32250170a0dca92d53ec9624f336ca24',,115, '2022-06-01 09:20:07')
10901, 'Jairaj', 'Rajan', 'jairaj.rajan@hotmail.com', '32250170a0dca92d53ec9624f336ca24',,116, '2020-03-02 12:51:09')
10901, 'Kashish', 'Sangha', 'kashish.sangha@hotmail.com', '32250170a0dca92d53ec9624f336ca24',,117, '2018-11-13 09:05:40')
10901, 'Damyanti', 'Batta', 'damyanti.batta@hotmail.com', '32250170a0dca92d53ec9624f336ca24',,118, '2022-11-08 06:44:46')
10901, 'Saksham', 'Ghose', 'saksham.ghose@yahoo.com', '32250170a0dca92d53ec9624f336ca24',,119, '2021-06-26 00:06:34')
10901, 'Ekiya', 'Sachar', 'ekiya.sachar@yahoo.com', '32250170a0dca92d53ec9624f336ca24',,120, '2021-12-11 05:09:30')
10901, 'Finn', 'Parikh', 'finn.parikh@gmail.com', '32250170a0dca92d53ec9624f336ca24',,121, '2020-11-01 11:42:16')
10901, 'Ishita', 'Chatterjee', 'ishita.chatterjee@gmail.com', '32250170a0dca92d53ec9624f336ca24',,122, '2020-09-21 03:59:58')
10901, 'Vedika', 'Vala', 'vedika.vala@gmail.com', '32250170a0dca92d53ec9624f336ca24',,123, '2021-03-30 20:07:42')
10901, 'Urvashi', 'Iyer', 'urvashi.iyer@gmail.com', '32250170a0dca92d53ec9624f336ca24',,124, '2018-04-23 23:38:27')
10901, 'Advaith', 'Bhatnagar', 'advaith.bhatnagar@hotmail.com', '32250170a0dca92d53ec9624f336ca24',,125, '2019-09-26 08:10:46')
10901, 'Nilima', 'Rege', 'nilima.rege@yahoo.com', '32250170a0dca92d53ec9624f336ca24',,126, '2022-12-10 05:25:11')
10901, 'Victor', 'Krishnamurthy', 'victor.krishnamurthy@yahoo.com', '32250170a0dca92d53ec9624f336ca24',,127, '2019-07-20 02:11:10')
10901, 'Logan', 'Nayak', 'logan.nayak@yahoo.com', '32250170a0dca92d53ec9624f336ca24',,128, '2022-11-18 19:10:02')
10901, 'Qushi', 'Kala', 'qushi.kala@yahoo.com', '32250170a0dca92d53ec9624f336ca24',,129, '2021-09-10 04:59:46')
10901, 'Umang', 'Seth', 'umang.seth@yahoo.com', '32250170a0dca92d53ec9624f336ca24',,130, '2019-04-03 01:42:33')
10901, 'Bhavika', 'Natt', 'bhavika.natt@hotmail.com', '32250170a0dca92d53ec9624f336ca24',,131, '2018-09-09 23:08:42')
10901, 'Banjeet', 'Koshy', 'banjeet.koshy@hotmail.com', '32250170a0dca92d53ec9624f336ca24',,132, '2018-06-01 09:03:16')
10901, 'Matthew', 'Gupta', 'matthew.gupta@yahoo.com', '32250170a0dca92d53ec9624f336ca24',,133, '2018-10-25 12:07:22')
10901, 'Banjeet', 'Taneja', 'banjeet.taneja@hotmail.com', '32250170a0dca92d53ec9624f336ca24',,134, '2022-08-06 20:58:36')
10901, 'Nirja', 'Buch', 'nirja.buch@hotmail.com', '32250170a0dca92d53ec9624f336ca24',,135, '2022-12-04 00:34:10')
10901, 'Jeremiah', 'Barad', 'jeremiah.barad@gmail.com', '32250170a0dca92d53ec9624f336ca24',,136, '2022-08-30 18:43:27')
10901, 'Eta', 'Sachar', 'eta.sachar@gmail.com', '32250170a0dca92d53ec9624f336ca24',,137, '2021-12-09 19:39:10')
10901, 'Liam', 'Purohit', 'liam.purohit@gmail.com', '32250170a0dca92d53ec9624f336ca24',,138, '2018-06-03 05:35:29')
10901, 'Anamika', 'Tata', 'anamika.tata@yahoo.com', '32250170a0dca92d53ec9624f336ca24',,139, '2019-06-20 10:36:03')
10901, 'Jai', 'Mand', 'jai.mand@hotmail.com', '32250170a0dca92d53ec9624f336ca24',,140, '2018-10-20 14:51:31')
10901, 'Garima', 'Rege', 'garima.rege@yahoo.com', '32250170a0dca92d53ec9624f336ca24',,141, '2019-02-03 04:22:33')
10901, 'Brijesh', 'Sathe', 'brijesh.sathe@gmail.com', '32250170a0dca92d53ec9624f336ca24',,142, '2019-07-12 00:40:41')
10901, 'Brijesh', 'Seshadri', 'brijesh.seshadri@yahoo.com', '32250170a0dca92d53ec9624f336ca24',,143, '2021-01-18 16:41:35')
10901, 'Lila', 'Rau', 'lila.rau@hotmail.com', '32250170a0dca92d53ec9624f336ca24',,144, '2019-03-05 06:59:28')
10901, 'Prisha', 'Tella', 'prisha.tella@gmail.com', '32250170a0dca92d53ec9624f336ca24',,145, '2021-11-20 23:32:47')
10901, 'Shivansh', 'Tak', 'shivansh.tak@yahoo.com', '32250170a0dca92d53ec9624f336ca24',,146, '2020-05-27 05:42:23')
10901, 'Arjun', 'Arora', 'arjun.arora@hotmail.com', '32250170a0dca92d53ec9624f336ca24',,147, '2022-03-09 17:04:19')
10901, 'Om', 'Shan', 'om.shan@yahoo.com', '32250170a0dca92d53ec9624f336ca24',,148, '2018-01-07 08:25:38')
10901, 'Diya', 'Master', 'diya.master@gmail.com', '32250170a0dca92d53ec9624f336ca24',,149, '2020-10-28 05:57:57')
10901, 'Udyati', 'Gour', 'udyati.gour@gmail.com', '32250170a0dca92d53ec9624f336ca24',,150, '2020-12-22 14:18:09')
10901, 'Utkarsh', 'Nayak', 'utkarsh.nayak@hotmail.com', '32250170a0dca92d53ec9624f336ca24',,151, '2018-04-21 20:14:06')
10901, 'Ikbal', 'Srinivas', 'ikbal.srinivas@yahoo.com', '32250170a0dca92d53ec9624f336ca24',,152, '2022-06-23 12:39:36')
10901, 'Damyanti', 'Ranganathan', 'damyanti.ranganathan@yahoo.com', '32250170a0dca92d53ec9624f336ca24',,153, '2022-07-06 21:05:32')
10901, 'Maya', 'Ganguly', 'maya.ganguly@yahoo.com', '32250170a0dca92d53ec9624f336ca24',,154, '2019-06-26 08:37:57')
10901, 'Manan', 'Lata', 'manan.lata@hotmail.com', '32250170a0dca92d53ec9624f336ca24',,155, '2019-01-18 18:54:16')
10901, 'Jalsa', 'Edwin', 'jalsa.edwin@yahoo.com', '32250170a0dca92d53ec9624f336ca24',,156, '2022-03-05 12:32:03')
10901, 'Yash', 'Mahajan', 'yash.mahajan@hotmail.com', '32250170a0dca92d53ec9624f336ca24',,157, '2021-03-31 17:59:15')
10901, 'Yashasvi', 'Dara', 'yashasvi.dara@yahoo.com', '32250170a0dca92d53ec9624f336ca24',,158, '2019-04-01 19:12:08')
10901, 'Gavin', 'Wason', 'gavin.wason@yahoo.com', '32250170a0dca92d53ec9624f336ca24',,159, '2021-08-15 21:21:08')
10901, 'Vaishnavi', 'Jaggi', 'vaishnavi.jaggi@yahoo.com', '32250170a0dca92d53ec9624f336ca24',,160, '2020-05-03 11:09:30')
10901, 'Ekbal', 'Mani', 'ekbal.mani@hotmail.com', '32250170a0dca92d53ec9624f336ca24',,161, '2019-08-16 01:55:23')
10901, 'Sarthak', 'Pall', 'sarthak.pall@yahoo.com', '32250170a0dca92d53ec9624f336ca24',,162, '2020-03-02 00:10:22')
10901, 'Xavier', 'Ravel', 'xavier.ravel@hotmail.com', '32250170a0dca92d53ec9624f336ca24',,163, '2018-02-21 11:53:04')
10901, 'Vedhika', 'Bava', 'vedhika.bava@hotmail.com', '32250170a0dca92d53ec9624f336ca24',,164, '2021-08-08 04:40:18')
10901, 'Libni', 'Goel', 'libni.goel@yahoo.com', '32250170a0dca92d53ec9624f336ca24',,165, '2020-08-22 07:56:04')
10901, 'Tanvi', 'Dugal', 'tanvi.dugal@yahoo.com', '32250170a0dca92d53ec9624f336ca24',,166, '2018-06-01 01:56:13')
10901, 'Falak', 'Bajaj', 'falak.bajaj@hotmail.com', '32250170a0dca92d53ec9624f336ca24',,167, '2022-06-14 15:41:35')
10901, 'Liam', 'Soni', 'liam.soni@gmail.com', '32250170a0dca92d53ec9624f336ca24',,168, '2022-02-05 02:18:04')
10901, 'George', 'Bhakta', 'george.bhakta@yahoo.com', '32250170a0dca92d53ec9624f336ca24',,169, '2019-01-27 21:24:35')
10901, 'Lakshmi', 'Joshi', 'lakshmi.joshi@yahoo.com', '32250170a0dca92d53ec9624f336ca24',,170, '2019-10-15 00:50:36')
10901, 'Azad', 'Prabhu', 'azad.prabhu@yahoo.com', '32250170a0dca92d53ec9624f336ca24',,171, '2021-06-19 16:38:19')
10901, 'Ekavir', 'Gera', 'ekavir.gera@gmail.com', '32250170a0dca92d53ec9624f336ca24',,172, '2022-07-25 23:55:42')
10901, 'Turvi', 'Rana', 'turvi.rana@yahoo.com', '32250170a0dca92d53ec9624f336ca24',,173, '2022-09-27 04:12:52')
10901, 'Damyanti', 'Kala', 'damyanti.kala@yahoo.com', '32250170a0dca92d53ec9624f336ca24',,174, '2022-03-19 11:19:39')
10901, 'Niharika', 'Konda', 'niharika.konda@yahoo.com', '32250170a0dca92d53ec9624f336ca24',,175, '2018-01-20 22:52:25')
10901, 'Bhavika', 'Rout', 'bhavika.rout@yahoo.com', '32250170a0dca92d53ec9624f336ca24',,176, '2021-03-22 22:15:26')
10901, 'Umang', 'Rajagopalan', 'umang.rajagopalan@gmail.com', '32250170a0dca92d53ec9624f336ca24',,177, '2022-09-10 23:15:50')
10901, 'Sanya', 'Sachdeva', 'sanya.sachdeva@gmail.com', '32250170a0dca92d53ec9624f336ca24',,178, '2020-04-13 12:35:00')
10901, 'Theodore', 'Dash', 'theodore.dash@gmail.com', '32250170a0dca92d53ec9624f336ca24',,179, '2021-02-02 22:26:01')
10901, 'Lakshmi', 'Wadhwa', 'lakshmi.wadhwa@hotmail.com', '32250170a0dca92d53ec9624f336ca24',,180, '2022-01-27 11:24:22')
10901, 'Kala', 'Thakkar', 'kala.thakkar@gmail.com', '32250170a0dca92d53ec9624f336ca24',,181, '2018-08-14 06:29:25')
10901, 'Raagini', 'Ram', 'raagini.ram@hotmail.com', '32250170a0dca92d53ec9624f336ca24',,182, '2020-06-29 08:55:40')
10901, 'Tamanna', 'Aggarwal', 'tamanna.aggarwal@hotmail.com', '32250170a0dca92d53ec9624f336ca24',,183, '2022-11-11 11:06:26')
10901, 'Gayathri', 'Balan', 'gayathri.balan@gmail.com', '32250170a0dca92d53ec9624f336ca24',,184, '2019-05-09 01:04:16')
10901, 'Aarna', 'Om', 'aarna.om@yahoo.com', '32250170a0dca92d53ec9624f336ca24',,185, '2018-11-26 00:07:21')
10901, 'Gayathri', 'Sem', 'gayathri.sem@gmail.com', '32250170a0dca92d53ec9624f336ca24',,186, '2018-07-10 07:47:57')
10901, 'Tanish', 'Krishnamurthy', 'tanish.krishnamurthy@hotmail.com', '32250170a0dca92d53ec9624f336ca24',,187, '2022-09-02 23:25:32')
10901, 'Chasmum', 'Kuruvilla', 'chasmum.kuruvilla@hotmail.com', '32250170a0dca92d53ec9624f336ca24',,188, '2021-09-23 12:42:32')
10901, 'William', 'Pal', 'william.pal@gmail.com', '32250170a0dca92d53ec9624f336ca24',,189, '2019-01-06 04:14:40')
10901, 'Urvi', 'Chowdhury', 'urvi.chowdhury@gmail.com', '32250170a0dca92d53ec9624f336ca24',,190, '2018-04-24 02:06:35')
10901, 'Dominic', 'Bera', 'dominic.bera@yahoo.com', '32250170a0dca92d53ec9624f336ca24',,191, '2020-06-08 22:37:25')
10901, 'Yadavi', 'Kurian', 'yadavi.kurian@hotmail.com', '32250170a0dca92d53ec9624f336ca24',,192, '2018-11-10 05:57:43')
10901, 'Dakshesh', 'Dasgupta', 'dakshesh.dasgupta@yahoo.com', '32250170a0dca92d53ec9624f336ca24',,193, '2022-04-11 23:27:48')
10901, 'Vincent', 'Dhaliwal', 'vincent.dhaliwal@yahoo.com', '32250170a0dca92d53ec9624f336ca24',,194, '2018-03-06 14:29:44')
10901, 'Megha', 'Bansal', 'megha.bansal@yahoo.com', '32250170a0dca92d53ec9624f336ca24',,195, '2022-01-16 14:50:52')
10901, 'Siddharth', 'Babu', 'siddharth.babu@hotmail.com', '32250170a0dca92d53ec9624f336ca24',,196, '2022-09-05 20:35:15')
10901, 'Abhimanyu', 'Doctor', 'abhimanyu.doctor@yahoo.com', '32250170a0dca92d53ec9624f336ca24',,197, '2019-11-06 00:54:18')
10901, 'Hardik', 'Yohannan', 'hardik.yohannan@gmail.com', '32250170a0dca92d53ec9624f336ca24',,198, '2020-12-21 06:15:52')
10901, 'Unni', 'Sangha', 'unni.sangha@hotmail.com', '32250170a0dca92d53ec9624f336ca24',,199, '2022-05-01 02:15:21')
10901, 'Anita', 'Sundaram', 'anita.sundaram@hotmail.com', '32250170a0dca92d53ec9624f336ca24',,200, '2019-09-15 08:52:35')
10901, 'Ishwar', 'Gour', 'ishwar.gour@hotmail.com', '32250170a0dca92d53ec9624f336ca24',,201, '2022-10-08 03:24:58')
10901, 'Warhi', 'Dutta', 'warhi.dutta@yahoo.com', '32250170a0dca92d53ec9624f336ca24',,202, '2018-07-20 13:46:02')
10901, 'Lekha', 'Tak', 'lekha.tak@yahoo.com', '32250170a0dca92d53ec9624f336ca24',,203, '2020-02-13 06:51:11')
10901, 'Advaith', 'Agrawal', 'advaith.agrawal@hotmail.com', '32250170a0dca92d53ec9624f336ca24',,204, '2018-01-24 20:21:48')
10901, 'Chaman', 'Mallick', 'chaman.mallick@hotmail.com', '32250170a0dca92d53ec9624f336ca24',,205, '2019-04-06 16:10:27')
10901, 'Oeshi', 'Khalsa', 'oeshi.khalsa@hotmail.com', '32250170a0dca92d53ec9624f336ca24',,206, '2022-01-30 23:16:28')
10901, 'Bhavna', 'Khanna', 'bhavna.khanna@hotmail.com', '32250170a0dca92d53ec9624f336ca24',,207, '2018-11-07 04:41:03')
10901, 'Noah', 'Vig', 'noah.vig@yahoo.com', '32250170a0dca92d53ec9624f336ca24',,208, '2021-05-05 00:44:10')
10901, 'Vrinda', 'Maharaj', 'vrinda.maharaj@yahoo.com', '32250170a0dca92d53ec9624f336ca24',,209, '2018-03-28 11:15:26')
10901, 'Vincent', 'Mand', 'vincent.mand@hotmail.com', '32250170a0dca92d53ec9624f336ca24',,210, '2021-12-28 15:12:15')
10901, 'Harshil', 'Lanka', 'harshil.lanka@yahoo.com', '32250170a0dca92d53ec9624f336ca24',,211, '2018-04-07 22:39:42')
10901, 'Vamakshi', 'Bora', 'vamakshi.bora@gmail.com', '32250170a0dca92d53ec9624f336ca24',,212, '2018-02-09 09:03:21')
10901, 'Ati', 'Ahuja', 'ati.ahuja@hotmail.com', '32250170a0dca92d53ec9624f336ca24',,213, '2022-12-28 05:07:12')
10901, 'Avni', 'Bakshi', 'avni.bakshi@yahoo.com', '32250170a0dca92d53ec9624f336ca24',,214, '2021-03-17 22:55:43')
10901, 'Vansha', 'Verma', 'vansha.verma@yahoo.com', '32250170a0dca92d53ec9624f336ca24',,215, '2021-11-29 00:41:57')
10901, 'Gagan', 'Zacharia', 'gagan.zacharia@yahoo.com', '32250170a0dca92d53ec9624f336ca24',,216, '2022-10-23 18:52:20')
10901, 'Theodore', 'Agate', 'theodore.agate@gmail.com', '32250170a0dca92d53ec9624f336ca24',,217, '2022-09-15 23:47:14')
10901, 'Aradhana', 'Dewan', 'aradhana.dewan@hotmail.com', '32250170a0dca92d53ec9624f336ca24',,218, '2020-06-21 14:17:47')
10901, 'Garima', 'Sangha', 'garima.sangha@yahoo.com', '32250170a0dca92d53ec9624f336ca24',,219, '2021-08-02 22:51:51')
10901, 'Anusha', 'Chad', 'anusha.chad@hotmail.com', '32250170a0dca92d53ec9624f336ca24',,220, '2020-02-17 06:06:14')
10901, 'Zinal', 'Mitter', 'zinal.mitter@hotmail.com', '32250170a0dca92d53ec9624f336ca24',,221, '2022-09-28 10:39:57')
10901, 'Rajata', 'Ramakrishnan', 'rajata.ramakrishnan@yahoo.com', '32250170a0dca92d53ec9624f336ca24',,222, '2019-02-28 18:58:22')
10901, 'Ladli', 'Bains', 'ladli.bains@hotmail.com', '32250170a0dca92d53ec9624f336ca24',,223, '2018-06-02 10:30:26')
10901, 'Vedika', 'Pradhan', 'vedika.pradhan@hotmail.com', '32250170a0dca92d53ec9624f336ca24',,224, '2021-09-14 07:15:49')
10901, 'Sai', 'Randhawa', 'sai.randhawa@yahoo.com', '32250170a0dca92d53ec9624f336ca24',,225, '2021-11-22 21:33:41')
10901, 'Jacob', 'Misra', 'jacob.misra@hotmail.com', '32250170a0dca92d53ec9624f336ca24',,226, '2018-01-25 08:32:31')
10901, 'Warda', 'Chaudhari', 'warda.chaudhari@yahoo.com', '32250170a0dca92d53ec9624f336ca24',,227, '2019-11-18 08:37:07')
10901, 'Bhavya', 'Oza', 'bhavya.oza@hotmail.com', '32250170a0dca92d53ec9624f336ca24',,228, '2020-03-25 19:55:36')
10901, 'Noah', 'Loyal', 'noah.loyal@gmail.com', '32250170a0dca92d53ec9624f336ca24',,229, '2020-03-15 21:43:59')
10901, 'Indira', 'Chadha', 'indira.chadha@gmail.com', '32250170a0dca92d53ec9624f336ca24',,230, '2020-08-22 18:15:53')
10901, 'Shaurya', 'Saran', 'shaurya.saran@hotmail.com', '32250170a0dca92d53ec9624f336ca24',,231, '2019-01-13 13:48:00')
10901, 'Rushil', 'Buch', 'rushil.buch@yahoo.com', '32250170a0dca92d53ec9624f336ca24',,232, '2018-07-02 00:16:29')
10901, 'Gopal', 'Tata', 'gopal.tata@gmail.com', '32250170a0dca92d53ec9624f336ca24',,233, '2021-12-19 16:42:48')
10901, 'Jatin', 'Kant', 'jatin.kant@gmail.com', '32250170a0dca92d53ec9624f336ca24',,234, '2021-06-06 07:22:03')
10901, 'Aahana', 'Prakash', 'aahana.prakash@gmail.com', '32250170a0dca92d53ec9624f336ca24',,235, '2019-09-02 03:29:56')
10901, 'Lohit', 'Desai', 'lohit.desai@hotmail.com', '32250170a0dca92d53ec9624f336ca24',,236, '2022-11-28 08:50:59')
10901, 'Chaman', 'Gala', 'chaman.gala@yahoo.com', '32250170a0dca92d53ec9624f336ca24',,237, '2018-10-17 13:52:31')
10901, 'Anjali', 'Raj', 'anjali.raj@hotmail.com', '32250170a0dca92d53ec9624f336ca24',,238, '2019-06-30 17:32:51')
10901, 'Manya', 'Oommen', 'manya.oommen@gmail.com', '32250170a0dca92d53ec9624f336ca24',,239, '2022-10-19 03:20:47')
10901, 'Chanchal', 'Pradhan', 'chanchal.pradhan@yahoo.com', '32250170a0dca92d53ec9624f336ca24',,240, '2019-01-20 05:08:26')
10901, 'Barkha', 'Bobal', 'barkha.bobal@hotmail.com', '32250170a0dca92d53ec9624f336ca24',,241, '2022-02-03 16:26:15')
10901, 'Siya', 'Bakshi', 'siya.bakshi@gmail.com', '32250170a0dca92d53ec9624f336ca24',,242, '2021-10-25 02:27:26')
10901, 'Pushti', 'Amble', 'pushti.amble@gmail.com', '32250170a0dca92d53ec9624f336ca24',,243, '2021-07-13 12:20:40')
10901, 'Madhav', 'Sahni', 'madhav.sahni@gmail.com', '32250170a0dca92d53ec9624f336ca24',,244, '2018-08-19 19:21:45')
10901, 'Warhi', 'Dhawan', 'warhi.dhawan@yahoo.com', '32250170a0dca92d53ec9624f336ca24',,245, '2020-03-12 10:21:54')
10901, 'Yug', 'Bedi', 'yug.bedi@gmail.com', '32250170a0dca92d53ec9624f336ca24',,246, '2021-02-12 16:36:24')
10901, 'Zinal', 'Luthra', 'zinal.luthra@yahoo.com', '32250170a0dca92d53ec9624f336ca24',,247, '2020-04-21 00:59:02')
10901, 'Ridhi', 'Shan', 'ridhi.shan@hotmail.com', '32250170a0dca92d53ec9624f336ca24',,248, '2020-01-06 03:43:44')
10901, 'Advaith', 'Oommen', 'advaith.oommen@hotmail.com', '32250170a0dca92d53ec9624f336ca24',,249, '2019-07-19 19:26:07')
10901, 'Bhavya', 'Lad', 'bhavya.lad@hotmail.com', '32250170a0dca92d53ec9624f336ca24',,250, '2022-03-14 21:37:31')
10901, 'Nirja', 'Kara', 'nirja.kara@yahoo.com', '32250170a0dca92d53ec9624f336ca24',,251, '2018-04-29 21:36:32')
10901, 'Qarin', 'Memon', 'qarin.memon@gmail.com', '32250170a0dca92d53ec9624f336ca24',,252, '2021-07-02 11:30:54')
10901, 'Darpan', 'Parmer', 'darpan.parmer@gmail.com', '32250170a0dca92d53ec9624f336ca24',,253, '2020-04-06 08:55:24')
10901, 'Onveer', 'Mall', 'onveer.mall@hotmail.com', '32250170a0dca92d53ec9624f336ca24',,254, '2022-01-08 03:15:24')
10901, 'Quincy', 'Krish', 'quincy.krish@gmail.com', '32250170a0dca92d53ec9624f336ca24',,255, '2018-03-12 04:21:59')
10901, 'Gautam', 'Mandal', 'gautam.mandal@hotmail.com', '32250170a0dca92d53ec9624f336ca24',,256, '2020-04-22 01:58:24')
10901, 'Upkaar', 'Sodhi', 'upkaar.sodhi@hotmail.com', '32250170a0dca92d53ec9624f336ca24',,257, '2020-08-22 05:09:22')
10901, 'Odika', 'Shah', 'odika.shah@yahoo.com', '32250170a0dca92d53ec9624f336ca24',,258, '2020-04-11 22:24:25')
10901, 'Rushil', 'Goel', 'rushil.goel@yahoo.com', '32250170a0dca92d53ec9624f336ca24',,259, '2019-07-07 15:56:34')
10901, 'Azaan', 'Rajagopal', 'azaan.rajagopal@yahoo.com', '32250170a0dca92d53ec9624f336ca24',,260, '2020-03-15 17:19:10')
10901, 'Harita', 'Bali', 'harita.bali@yahoo.com', '32250170a0dca92d53ec9624f336ca24',,261, '2018-02-26 17:02:42')
10901, 'Lohit', 'Minhas', 'lohit.minhas@hotmail.com', '32250170a0dca92d53ec9624f336ca24',,262, '2020-10-30 21:59:57')
10901, 'Benjamin', 'Tella', 'benjamin.tella@gmail.com', '32250170a0dca92d53ec9624f336ca24',,263, '2018-12-31 14:24:33')
10901, 'Kavya', 'Din', 'kavya.din@hotmail.com', '32250170a0dca92d53ec9624f336ca24',,264, '2020-10-23 06:37:11')
10901, 'Ojas', 'Barad', 'ojas.barad@gmail.com', '32250170a0dca92d53ec9624f336ca24',,265, '2021-11-26 22:13:50')
10901, 'Zarna', 'Palla', 'zarna.palla@yahoo.com', '32250170a0dca92d53ec9624f336ca24',,266, '2018-04-12 08:45:03')
10901, 'Naveen', 'Kadakia', 'naveen.kadakia@yahoo.com', '32250170a0dca92d53ec9624f336ca24',,267, '2021-04-27 05:44:05')
10901, 'Chandran', 'Dyal', 'chandran.dyal@hotmail.com', '32250170a0dca92d53ec9624f336ca24',,268, '2019-10-15 21:13:42')
10901, 'Kala', 'Chaudhary', 'kala.chaudhary@yahoo.com', '32250170a0dca92d53ec9624f336ca24',,269, '2020-10-30 13:08:41')
10901, 'Deepa', 'Malhotra', 'deepa.malhotra@hotmail.com', '32250170a0dca92d53ec9624f336ca24',,270, '2020-09-04 15:18:18')
10901, 'Oscar', 'Sethi', 'oscar.sethi@yahoo.com', '32250170a0dca92d53ec9624f336ca24',,271, '2022-10-09 15:59:05')
10901, 'Keya', 'Toor', 'keya.toor@yahoo.com', '32250170a0dca92d53ec9624f336ca24',,272, '2018-07-05 14:09:16')
10901, 'Vyanjana', 'Sane', 'vyanjana.sane@yahoo.com', '32250170a0dca92d53ec9624f336ca24',,273, '2020-03-03 13:28:32')
10901, 'Hemang', 'Shah', 'hemang.shah@hotmail.com', '32250170a0dca92d53ec9624f336ca24',,274, '2020-03-24 14:47:31')
10901, 'Harish', 'Vaidya', 'harish.vaidya@hotmail.com', '32250170a0dca92d53ec9624f336ca24',,275, '2019-03-31 22:02:51')
10901, 'Bahadurjit', 'Gokhale', 'bahadurjit.gokhale@hotmail.com', '32250170a0dca92d53ec9624f336ca24',,276, '2021-05-09 17:29:32')
10901, 'Zayan', 'Raval', 'zayan.raval@hotmail.com', '32250170a0dca92d53ec9624f336ca24',,277, '2018-12-02 19:42:07')
10901, 'Qushi', 'Tara', 'qushi.tara@gmail.com', '32250170a0dca92d53ec9624f336ca24',,278, '2022-10-11 20:01:44')
10901, 'Gavin', 'Rajan', 'gavin.rajan@yahoo.com', '32250170a0dca92d53ec9624f336ca24',,279, '2020-03-09 21:22:10')
10901, 'Vasudha', 'Ranganathan', 'vasudha.ranganathan@hotmail.com', '32250170a0dca92d53ec9624f336ca24',,280, '2019-11-02 20:46:10')
10901, 'Sachi', 'Kumar', 'sachi.kumar@hotmail.com', '32250170a0dca92d53ec9624f336ca24',,281, '2018-06-22 17:23:15')
10901, 'Neelima', 'Ravel', 'neelima.ravel@hotmail.com', '32250170a0dca92d53ec9624f336ca24',,282, '2018-02-03 09:47:14')
10901, 'Parth', 'Jayaraman', 'parth.jayaraman@gmail.com', '32250170a0dca92d53ec9624f336ca24',,283, '2020-01-24 01:39:32')
10901, 'Ansh', 'Kale', 'ansh.kale@yahoo.com', '32250170a0dca92d53ec9624f336ca24',,284, '2022-12-08 23:24:14')
10901, 'Damini', 'Saxena', 'damini.saxena@gmail.com', '32250170a0dca92d53ec9624f336ca24',,285, '2022-01-16 15:19:57')
10901, 'Tejas', 'Deo', 'tejas.deo@hotmail.com', '32250170a0dca92d53ec9624f336ca24',,286, '2019-02-23 11:56:40')
10901, 'Nilima', 'Narayanan', 'nilima.narayanan@gmail.com', '32250170a0dca92d53ec9624f336ca24',,287, '2020-05-02 19:02:52')
10901, 'Pahal', 'Sachdeva', 'pahal.sachdeva@gmail.com', '32250170a0dca92d53ec9624f336ca24',,288, '2018-09-16 15:27:15')
10901, 'Leela', 'Chaudry', 'leela.chaudry@yahoo.com', '32250170a0dca92d53ec9624f336ca24',,289, '2021-11-04 10:13:45')
10901, 'Fariq', 'Kothari', 'fariq.kothari@gmail.com', '32250170a0dca92d53ec9624f336ca24',,290, '2022-04-24 14:13:22')
10901, 'Mitesh', 'Tripathi', 'mitesh.tripathi@hotmail.com', '32250170a0dca92d53ec9624f336ca24',,291, '2021-08-12 03:37:30')
10901, 'Eesha', 'Behl', 'eesha.behl@hotmail.com', '32250170a0dca92d53ec9624f336ca24',,292, '2020-08-01 14:33:23')
10901, 'Udarsh', 'Mannan', 'udarsh.mannan@gmail.com', '32250170a0dca92d53ec9624f336ca24',,293, '2019-11-05 21:59:43')
10901, 'Nathaniel', 'Kannan', 'nathaniel.kannan@gmail.com', '32250170a0dca92d53ec9624f336ca24',,294, '2022-10-21 21:11:07')
10901, 'Abdul', 'Hari', 'abdul.hari@hotmail.com', '32250170a0dca92d53ec9624f336ca24',,295, '2019-07-30 09:29:26')
10901, 'Atharv', 'Bal', 'atharv.bal@hotmail.com', '32250170a0dca92d53ec9624f336ca24',,296, '2022-11-09 07:02:40')
10901, 'Omisha', 'Palla', 'omisha.palla@yahoo.com', '32250170a0dca92d53ec9624f336ca24',,297, '2020-02-09 04:26:04')
10901, 'Anay', 'Tandon', 'anay.tandon@yahoo.com', '32250170a0dca92d53ec9624f336ca24',,298, '2018-08-24 18:16:13')
10901, 'Nihal', 'Kulkarni', 'nihal.kulkarni@gmail.com', '32250170a0dca92d53ec9624f336ca24',,299, '2022-03-09 10:42:40')
10901, 'Chatresh', 'Mohan', 'chatresh.mohan@yahoo.com', '32250170a0dca92d53ec9624f336ca24',,300, '2018-10-30 18:23:47')
10901, 'Chameli', 'Mangat', 'chameli.mangat@gmail.com', '32250170a0dca92d53ec9624f336ca24',,301, '2018-11-06 13:26:43')
10901, 'Vivaan', 'Keer', 'vivaan.keer@gmail.com', '32250170a0dca92d53ec9624f336ca24',,302, '2019-11-03 14:46:22')
10901, 'Frado', 'Deshpande', 'frado.deshpande@gmail.com', '32250170a0dca92d53ec9624f336ca24',,303, '2018-10-08 12:01:02')
10901, 'Ojasvi', 'Devi', 'ojasvi.devi@gmail.com', '32250170a0dca92d53ec9624f336ca24',,304, '2020-04-15 14:57:00')
10901, 'Ekantika', 'Madan', 'ekantika.madan@hotmail.com', '32250170a0dca92d53ec9624f336ca24',,305, '2021-01-28 16:42:10')
10901, 'Idika', 'Boase', 'idika.boase@yahoo.com', '32250170a0dca92d53ec9624f336ca24',,306, '2021-04-02 23:33:06')
10901, 'Ekaja', 'Ravi', 'ekaja.ravi@hotmail.com', '32250170a0dca92d53ec9624f336ca24',,307, '2020-04-10 09:09:35')
10901, 'Victor', 'Sankar', 'victor.sankar@yahoo.com', '32250170a0dca92d53ec9624f336ca24',,308, '2022-03-31 05:03:43')
10901, 'Warhi', 'Badami', 'warhi.badami@yahoo.com', '32250170a0dca92d53ec9624f336ca24',,309, '2022-03-02 04:25:40')
10901, 'Daniel', 'Narang', 'daniel.narang@hotmail.com', '32250170a0dca92d53ec9624f336ca24',,310, '2019-06-04 05:49:53')
10901, 'Indali', 'Rege', 'indali.rege@yahoo.com', '32250170a0dca92d53ec9624f336ca24',,311, '2020-11-28 14:51:50')
10901, 'Anay', 'Sawhney', 'anay.sawhney@gmail.com', '32250170a0dca92d53ec9624f336ca24',,312, '2019-01-05 07:05:08')
10901, 'Elijah', 'Bahl', 'elijah.bahl@hotmail.com', '32250170a0dca92d53ec9624f336ca24',,313, '2019-05-10 15:13:54')
10901, 'Azaan', 'Varty', 'azaan.varty@hotmail.com', '32250170a0dca92d53ec9624f336ca24',,314, '2019-06-08 03:42:03')
10901, 'Dominic', 'Menon', 'dominic.menon@gmail.com', '32250170a0dca92d53ec9624f336ca24',,315, '2018-03-04 20:26:57')
10901, 'Isaiah', 'Bahri', 'isaiah.bahri@gmail.com', '32250170a0dca92d53ec9624f336ca24',,316, '2018-07-24 11:43:20')
10901, 'Xiti', 'Parmer', 'xiti.parmer@hotmail.com', '32250170a0dca92d53ec9624f336ca24',,317, '2021-11-19 20:05:36')
10901, 'Widisha', 'Puri', 'widisha.puri@yahoo.com', '32250170a0dca92d53ec9624f336ca24',,318, '2019-02-11 16:11:52')
10901, 'Zehaan', 'Mukherjee', 'zehaan.mukherjee@gmail.com', '32250170a0dca92d53ec9624f336ca24',,319, '2020-07-02 23:45:38')
10901, 'Radha', 'Talwar', 'radha.talwar@yahoo.com', '32250170a0dca92d53ec9624f336ca24',,320, '2022-09-11 22:26:02')
10901, 'Aayush', 'Virk', 'aayush.virk@gmail.com', '32250170a0dca92d53ec9624f336ca24',,321, '2021-09-26 16:53:56')
10901, 'Odika', 'Murty', 'odika.murty@hotmail.com', '32250170a0dca92d53ec9624f336ca24',,322, '2018-06-07 19:40:11')
10901, 'Charita', 'Baral', 'charita.baral@hotmail.com', '32250170a0dca92d53ec9624f336ca24',,323, '2019-03-10 15:19:28')
10901, 'Orinder', 'Varma', 'orinder.varma@yahoo.com', '32250170a0dca92d53ec9624f336ca24',,324, '2021-04-19 23:45:05')
10901, 'Ekavir', 'Bhatti', 'ekavir.bhatti@yahoo.com', '32250170a0dca92d53ec9624f336ca24',,325, '2018-06-17 05:08:18')
10901, 'Pavani', 'Majumdar', 'pavani.majumdar@gmail.com', '32250170a0dca92d53ec9624f336ca24',,326, '2021-08-07 12:44:07')
10901, 'Praneel', 'Dugal', 'praneel.dugal@gmail.com', '32250170a0dca92d53ec9624f336ca24',,327, '2022-12-21 18:37:48')
10901, 'Abdul', 'Arya', 'abdul.arya@yahoo.com', '32250170a0dca92d53ec9624f336ca24',,328, '2022-09-15 17:59:58')
10901, 'Finn', 'Patla', 'finn.patla@gmail.com', '32250170a0dca92d53ec9624f336ca24',,329, '2018-09-06 04:16:45')
10901, 'Indrajit', 'Balakrishnan', 'indrajit.balakrishnan@hotmail.com', '32250170a0dca92d53ec9624f336ca24',,330, '2022-03-31 03:57:15')
10901, 'Upadhriti', 'Batta', 'upadhriti.batta@hotmail.com', '32250170a0dca92d53ec9624f336ca24',,331, '2018-12-27 22:41:07')
10901, 'Faraj', 'Ghosh', 'faraj.ghosh@gmail.com', '32250170a0dca92d53ec9624f336ca24',,332, '2020-08-17 03:31:54')
10901, 'Pushti', 'Srinivasan', 'pushti.srinivasan@gmail.com', '32250170a0dca92d53ec9624f336ca24',,333, '2020-10-03 22:48:38')
10901, 'Advika', 'Kumer', 'advika.kumer@gmail.com', '32250170a0dca92d53ec9624f336ca24',,334, '2018-08-05 08:00:11')
10901, 'Damyanti', 'Gade', 'damyanti.gade@yahoo.com', '32250170a0dca92d53ec9624f336ca24',,335, '2022-12-21 23:59:46')
10901, 'Urvi', 'Bansal', 'urvi.bansal@gmail.com', '32250170a0dca92d53ec9624f336ca24',,336, '2019-04-28 13:28:47')
10901, 'Rajeshri', 'Minhas', 'rajeshri.minhas@gmail.com', '32250170a0dca92d53ec9624f336ca24',,337, '2019-08-10 16:46:17')
10901, 'Ekta', 'Pradhan', 'ekta.pradhan@hotmail.com', '32250170a0dca92d53ec9624f336ca24',,338, '2022-04-30 04:33:02')
10901, 'Mahika', 'Sharaf', 'mahika.sharaf@gmail.com', '32250170a0dca92d53ec9624f336ca24',,339, '2020-03-31 16:40:49')
10901, 'Krishna', 'Raju', 'krishna.raju@gmail.com', '32250170a0dca92d53ec9624f336ca24',,340, '2018-03-05 06:25:57')
10901, 'Indira', 'Sama', 'indira.sama@gmail.com', '32250170a0dca92d53ec9624f336ca24',,341, '2018-08-29 19:10:19')
10901, 'Simon', 'Mittal', 'simon.mittal@yahoo.com', '32250170a0dca92d53ec9624f336ca24',,342, '2019-02-27 04:12:30')
10901, 'Kamya', 'Chand', 'kamya.chand@gmail.com', '32250170a0dca92d53ec9624f336ca24',,343, '2022-03-09 01:46:44')
10901, 'Balhaar', 'Sahota', 'balhaar.sahota@gmail.com', '32250170a0dca92d53ec9624f336ca24',,344, '2018-06-29 18:28:50')
10901, 'Zinal', 'Kannan', 'zinal.kannan@hotmail.com', '32250170a0dca92d53ec9624f336ca24',,345, '2018-12-19 09:38:20')
10901, 'Balveer', 'Natarajan', 'balveer.natarajan@gmail.com', '32250170a0dca92d53ec9624f336ca24',,346, '2020-04-08 22:56:00')
10901, 'Robert', 'Sachdeva', 'robert.sachdeva@gmail.com', '32250170a0dca92d53ec9624f336ca24',,347, '2021-06-27 15:38:23')
10901, 'Dakshesh', 'Keer', 'dakshesh.keer@hotmail.com', '32250170a0dca92d53ec9624f336ca24',,348, '2019-05-19 22:53:19')
10901, 'Bachittar', 'Andra', 'bachittar.andra@yahoo.com', '32250170a0dca92d53ec9624f336ca24',,349, '2021-03-04 10:42:51')
10901, 'Brijesh', 'Deep', 'brijesh.deep@gmail.com', '32250170a0dca92d53ec9624f336ca24',,350, '2020-01-16 22:16:39')
10901, 'Aashi', 'Borde', 'aashi.borde@yahoo.com', '32250170a0dca92d53ec9624f336ca24',,351, '2022-02-11 10:33:25')
10901, 'Vedant', 'Bail', 'vedant.bail@yahoo.com', '32250170a0dca92d53ec9624f336ca24',,352, '2022-06-06 10:15:35')
10901, 'Harish', 'Menon', 'harish.menon@hotmail.com', '32250170a0dca92d53ec9624f336ca24',,353, '2020-08-15 11:23:20')
10901, 'Ekavir', 'Bhatt', 'ekavir.bhatt@hotmail.com', '32250170a0dca92d53ec9624f336ca24',,354, '2022-02-20 03:50:00')
10901, 'Daksha', 'Kohli', 'daksha.kohli@yahoo.com', '32250170a0dca92d53ec9624f336ca24',,355, '2019-02-17 17:54:22')
10901, 'Tripti', 'Kari', 'tripti.kari@yahoo.com', '32250170a0dca92d53ec9624f336ca24',,356, '2020-06-14 15:03:24')
10901, 'Lajita', 'Goyal', 'lajita.goyal@hotmail.com', '32250170a0dca92d53ec9624f336ca24',,357, '2019-01-30 09:28:05')
10901, 'Mohini', 'Rajagopal', 'mohini.rajagopal@yahoo.com', '32250170a0dca92d53ec9624f336ca24',,358, '2021-10-16 11:55:52')
10901, 'Ekansh', 'Arya', 'ekansh.arya@yahoo.com', '32250170a0dca92d53ec9624f336ca24',,359, '2021-05-21 11:33:29')
10901, 'Arunima', 'Tailor', 'arunima.tailor@hotmail.com', '32250170a0dca92d53ec9624f336ca24',,360, '2022-03-08 02:17:02')
10901, 'Hitesh', 'Bansal', 'hitesh.bansal@yahoo.com', '32250170a0dca92d53ec9624f336ca24',,361, '2019-06-27 10:12:25')
10901, 'Tanvi', 'Cheema', 'tanvi.cheema@hotmail.com', '32250170a0dca92d53ec9624f336ca24',,362, '2020-11-11 05:38:40')
10901, 'Anita', 'Rattan', 'anita.rattan@gmail.com', '32250170a0dca92d53ec9624f336ca24',,363, '2020-04-21 03:35:39')
10901, 'Pranav', 'Pathak', 'pranav.pathak@yahoo.com', '32250170a0dca92d53ec9624f336ca24',,364, '2021-11-02 00:32:54')
10901, 'Chandresh', 'Bhardwaj', 'chandresh.bhardwaj@gmail.com', '32250170a0dca92d53ec9624f336ca24',,365, '2020-02-10 11:32:33')
10901, 'Agastya', 'Narula', 'agastya.narula@hotmail.com', '32250170a0dca92d53ec9624f336ca24',,366, '2018-09-02 10:06:18')
10901, 'Qadim', 'Barad', 'qadim.barad@hotmail.com', '32250170a0dca92d53ec9624f336ca24',,367, '2019-07-08 10:22:45')
10901, 'Ati', 'Upadhyay', 'ati.upadhyay@yahoo.com', '32250170a0dca92d53ec9624f336ca24',,368, '2019-03-31 14:36:54')
10901, 'Ekapad', 'Swamy', 'ekapad.swamy@gmail.com', '32250170a0dca92d53ec9624f336ca24',,369, '2020-11-20 16:15:07')
10901, 'Azad', 'Bala', 'azad.bala@hotmail.com', '32250170a0dca92d53ec9624f336ca24',,370, '2021-11-14 20:06:45')
10901, 'Lohit', 'Prashad', 'lohit.prashad@gmail.com', '32250170a0dca92d53ec9624f336ca24',,371, '2020-10-02 04:40:07')
10901, 'Manan', 'Magar', 'manan.magar@gmail.com', '32250170a0dca92d53ec9624f336ca24',,372, '2022-06-30 13:12:44')
10901, 'Ekbal', 'D’Alia', 'ekbal.d’alia@yahoo.com', '32250170a0dca92d53ec9624f336ca24',,373, '2018-10-15 08:05:27')
10901, 'Rajata', 'Kurian', 'rajata.kurian@hotmail.com', '32250170a0dca92d53ec9624f336ca24',,374, '2019-08-24 05:28:38')
10901, 'Janaki', 'Dara', 'janaki.dara@yahoo.com', '32250170a0dca92d53ec9624f336ca24',,375, '2019-08-05 09:35:03')
10901, 'Vasudha', 'Varkey', 'vasudha.varkey@gmail.com', '32250170a0dca92d53ec9624f336ca24',,376, '2019-04-10 08:44:38')
10901, 'Anika', 'Garde', 'anika.garde@gmail.com', '32250170a0dca92d53ec9624f336ca24',,377, '2020-09-27 11:14:21')
10901, 'Indali', 'Viswanathan', 'indali.viswanathan@gmail.com', '32250170a0dca92d53ec9624f336ca24',,378, '2018-06-15 14:10:10')
10901, 'Chaitanya', 'Kale', 'chaitanya.kale@gmail.com', '32250170a0dca92d53ec9624f336ca24',,379, '2022-09-16 01:12:09')
10901, 'Charvi', 'Kant', 'charvi.kant@yahoo.com', '32250170a0dca92d53ec9624f336ca24',,380, '2022-02-11 09:45:20')
10901, 'Rayaan', 'Ghosh', 'rayaan.ghosh@yahoo.com', '32250170a0dca92d53ec9624f336ca24',,381, '2018-08-09 07:11:57')
10901, 'Triveni', 'Chhabra', 'triveni.chhabra@yahoo.com', '32250170a0dca92d53ec9624f336ca24',,382, '2018-10-05 21:26:56')
10901, 'Anthony', 'Sachdev', 'anthony.sachdev@yahoo.com', '32250170a0dca92d53ec9624f336ca24',,383, '2021-08-08 00:03:53')
10901, 'Rajata', 'Ramaswamy', 'rajata.ramaswamy@gmail.com', '32250170a0dca92d53ec9624f336ca24',,384, '2019-11-26 15:17:46')
10901, 'Onveer', 'Wali', 'onveer.wali@yahoo.com', '32250170a0dca92d53ec9624f336ca24',,385, '2022-10-23 07:14:07')
10901, 'Hamsini', 'Kakar', 'hamsini.kakar@yahoo.com', '32250170a0dca92d53ec9624f336ca24',,386, '2022-05-29 18:07:31')
10901, 'Agastya', 'Mishra', 'agastya.mishra@gmail.com', '32250170a0dca92d53ec9624f336ca24',,387, '2019-12-10 09:21:40')
10901, 'Gagan', 'Deshmukh', 'gagan.deshmukh@hotmail.com', '32250170a0dca92d53ec9624f336ca24',,388, '2020-02-24 09:53:27')
10901, 'Gaurav', 'Mittal', 'gaurav.mittal@hotmail.com', '32250170a0dca92d53ec9624f336ca24',,389, '2019-12-12 23:08:18')
10901, 'Jack', 'Sarna', 'jack.sarna@yahoo.com', '32250170a0dca92d53ec9624f336ca24',,390, '2019-07-08 21:34:22')
10901, 'Kashish', 'Dhar', 'kashish.dhar@yahoo.com', '32250170a0dca92d53ec9624f336ca24',,391, '2022-05-31 10:39:07')
10901, 'Tanvi', 'Kannan', 'tanvi.kannan@yahoo.com', '32250170a0dca92d53ec9624f336ca24',,392, '2020-04-05 10:27:08')
10901, 'Waida', 'Gola', 'waida.gola@hotmail.com', '32250170a0dca92d53ec9624f336ca24',,393, '2021-10-14 04:23:08')
10901, 'Niharika', 'Sule', 'niharika.sule@gmail.com', '32250170a0dca92d53ec9624f336ca24',,394, '2022-02-28 08:42:36')
10901, 'Hitesh', 'Sekhon', 'hitesh.sekhon@gmail.com', '32250170a0dca92d53ec9624f336ca24',,395, '2020-06-13 12:08:00')
10901, 'Jalsa', 'Mukhopadhyay', 'jalsa.mukhopadhyay@gmail.com', '32250170a0dca92d53ec9624f336ca24',,396, '2018-08-17 23:03:24')
10901, 'Gauri', 'Upadhyay', 'gauri.upadhyay@yahoo.com', '32250170a0dca92d53ec9624f336ca24',,397, '2022-01-07 14:02:56')
10901, 'Lavanya', 'Narayanan', 'lavanya.narayanan@hotmail.com', '32250170a0dca92d53ec9624f336ca24',,398, '2020-02-08 08:09:05')
10901, 'Faris', 'Tara', 'faris.tara@yahoo.com', '32250170a0dca92d53ec9624f336ca24',,399, '2019-08-12 17:36:29')
10901, 'Bachittar', 'Kota', 'bachittar.kota@yahoo.com', '32250170a0dca92d53ec9624f336ca24',,400, '2020-05-10 16:46:52')
10901, 'Anthony', 'Tata', 'anthony.tata@hotmail.com', '32250170a0dca92d53ec9624f336ca24',,401, '2019-05-28 22:41:31')
